Document ID (basename),Governance Document name(s),Controls Mapped,Path in matrix,Status
MAC-CMP-001_Configuration_Management_Plan.md,Procedures for Configuration Management,3.4.1;3.4.3,compliance/cmmc/level2/02-policies-and-procedures/MAC-CMP-001_Configuration_Management_Plan.md,Existing
MAC-IT-301_System_Description_and_Architecture.md,Network/security architecture documentation and procedures,3.13.5,compliance/cmmc/level2/01-system-scope/MAC-IT-301_System_Description_and_Architecture.md,Existing
MAC-IT-307_System_Security_Plan.md,System Security Plan (SSP),3.12.4,compliance/cmmc/level2/01-system-security-plan/MAC-IT-307_System_Security_Plan.md,Existing
MAC-IT-308_System_Boundary_and_Scope.md,System Boundary and Scope Statement,3.12.4,compliance/cmmc/level2/01-system-security-plan/MAC-IT-308_System_Boundary_and_Scope.md,Existing
MAC-POL-001_Record_Retention_Policy.md,Record Retention Policy,3.3.8;3.3.9,compliance/cmmc/level2/02-policies-and-procedures/MAC-POL-001_Record_Retention_Policy.md,Existing
MAC-POL-210_Access_Control_Policy.md,Access Control Policy,3.1.1;3.1.2;3.1.4,compliance/cmmc/level2/02-policies-and-procedures/MAC-POL-210_Access_Control_Policy.md,Existing
MAC-POL-211_Identification_and_Authentication_Policy.md,Identification and Authentication Policy | Procedures for Authenticator Management,3.5.1;3.5.3;3.5.4;3.5.7,compliance/cmmc/level2/02-policies-and-procedures/MAC-POL-211_Identification_and_Authentication_Policy.md,Existing
MAC-POL-212_Physical_Security_Policy.md,Physical Security Policy,3.10.1;3.10.2;3.10.3;3.10.4;3.10.5;3.10.6,compliance/cmmc/level2/02-policies-and-procedures/MAC-POL-212_Physical_Security_Policy.md,Existing
MAC-POL-213_Media_Handling_and_Data_Disposal_Policy.md,Media Handling & Data Disposal Policy,3.8.1;3.8.2;3.8.3;3.8.4;3.8.5;3.8.6;3.8.7;3.8.8;3.8.9,compliance/cmmc/level2/02-policies-and-procedures/MAC-POL-213_Media_Handling_and_Data_Disposal_Policy.md,Existing
MAC-POL-214_System_Integrity_Policy.md,Procedures for Malicious Code Protection,3.11.3;3.13.13;3.14.2,compliance/cmmc/level2/02-policies-and-procedures/MAC-POL-214_System_Integrity_Policy.md,Existing
MAC-POL-215_Incident_Response_Policy.md,Incident Response Policy,3.6.1,compliance/cmmc/level2/02-policies-and-procedures/MAC-POL-215_Incident_Response_Policy.md,Existing
MAC-POL-218_Audit_and_Accountability_Policy.md,Audit and Accountability Policy,3.3.1,compliance/cmmc/level2/02-policies-and-procedures/MAC-POL-218_Audit_and_Accountability_Policy.md,Existing
MAC-POL-219_Awareness_and_Training_Policy.md,Awareness and Training Policy,3.2.1,compliance/cmmc/level2/02-policies-and-procedures/MAC-POL-219_Awareness_and_Training_Policy.md,Existing
MAC-POL-220_Configuration_Management_Policy.md,Configuration Management Policy,3.4.1;3.4.3,compliance/cmmc/level2/02-policies-and-procedures/MAC-POL-220_Configuration_Management_Policy.md,Existing
MAC-POL-221_Maintenance_Policy.md,Maintenance Policy,3.7.1,compliance/cmmc/level2/02-policies-and-procedures/MAC-POL-221_Maintenance_Policy.md,Existing
MAC-POL-222_Personnel_Security_Policy.md,Personnel Security Policy,3.9.1,compliance/cmmc/level2/02-policies-and-procedures/MAC-POL-222_Personnel_Security_Policy.md,Existing
MAC-POL-223_Risk_Assessment_Policy.md,Risk Assessment Policy,3.11.1,compliance/cmmc/level2/02-policies-and-procedures/MAC-POL-223_Risk_Assessment_Policy.md,Existing
MAC-POL-224_Security_Assessment_Policy.md,Security Assessment Policy,3.12.1,compliance/cmmc/level2/02-policies-and-procedures/MAC-POL-224_Security_Assessment_Policy.md,Existing
MAC-POL-225_System_and_Communications_Protection_Policy.md,System and Communications Protection Policy,3.13.1;3.13.10;3.13.11;3.13.12;3.13.13;3.13.14;3.13.15;3.13.16;3.13.2;3.13.3;3.13.4;3.13.5;3.13.6;3.13.7;3.13.8;3.13.9,compliance/cmmc/level2/02-policies-and-procedures/MAC-POL-225_System_and_Communications_Protection_Policy.md,Existing
MAC-POL-226_Software_Restriction_Policy.md,Software Restriction Policy,3.4.8;3.4.9,compliance/cmmc/level2/02-policies-and-procedures/MAC-POL-226_Software_Restriction_Policy.md,Existing
MAC-POL-228_Authentication_Feedback_Obscure_Policy.md,Policy for authentication feedback (obscure feedback),3.5.11,compliance/cmmc/level2/02-policies-and-procedures/MAC-POL-228_Authentication_Feedback_Obscure_Policy.md,Existing
MAC-SEC-108_MFA_Implementation_Guide.md,MFA Implementation Standard / Guide,3.5.3,compliance/cmmc/level2/02-policies-and-procedures/MAC-SEC-108_MFA_Implementation_Guide.md,Existing
MAC-SEC-109_Audit_Logging_Configuration_Guide.md,Audit Logging Configuration Standard / Guide,3.3.3;3.3.4;3.3.5;3.3.6;3.3.7;3.3.8,compliance/cmmc/level2/02-policies-and-procedures/MAC-SEC-109_Audit_Logging_Configuration_Guide.md,Existing
MAC-SOP-221_User_Account_Provisioning_and_Deprovisioning_Procedure.md,"Procedures for User Identification and Authentication | Procedures for establishing, changing, and revoking authenticators",3.5.1;3.5.10;3.5.4;3.5.9,compliance/cmmc/level2/02-policies-and-procedures/MAC-SOP-221_User_Account_Provisioning_and_Deprovisioning_Procedure.md,Existing
MAC-SOP-224_Physical_Environment_and_Remote_Work_Controls.md,Procedures for Remote Access,3.1.12;3.5.3,compliance/cmmc/level2/02-policies-and-procedures/MAC-SOP-224_Physical_Environment_and_Remote_Work_Controls.md,Existing
MAC-SOP-225_Configuration_Change_Awareness_Procedure.md,Configuration Change Procedure,3.4.2,compliance/cmmc/level2/02-policies-and-procedures/MAC-SOP-225_Configuration_Change_Awareness_Procedure.md,Existing
MAC-SOP-226_Audit_Log_Review_Procedure.md,Audit Log Review Procedure,3.3.2,compliance/cmmc/level2/02-policies-and-procedures/MAC-SOP-226_Audit_Log_Review_Procedure.md,Existing
MAC-SOP-227_Security_Awareness_Training_Procedure.md,Security Awareness Training Procedure,3.2.1,compliance/cmmc/level2/02-policies-and-procedures/MAC-SOP-227_Security_Awareness_Training_Procedure.md,Existing
MAC-SOP-230_Vulnerability_Scanning_and_Remediation_Procedure.md,Vulnerability Scanning and Remediation Procedure,3.11.2;3.11.3,compliance/cmmc/level2/02-policies-and-procedures/MAC-SOP-230_Vulnerability_Scanning_and_Remediation_Procedure.md,Existing
MAC-SOP-231_POAM_Process_Procedure.md,Plan of Action and Milestones (POA&M) Management Procedure,3.12.2,compliance/cmmc/level2/02-policies-and-procedures/MAC-SOP-231_POAM_Process_Procedure.md,Existing
MAC-SOP-232_Incident_Response_Testing_Procedure.md,Incident Response Testing Procedure,3.6.3,compliance/cmmc/level2/02-policies-and-procedures/MAC-SOP-232_Incident_Response_Testing_Procedure.md,Existing
MAC-SOP-233_Personnel_Screening_Procedure.md,Personnel Screening Procedure,3.9.1,compliance/cmmc/level2/02-policies-and-procedures/MAC-SOP-233_Personnel_Screening_Procedure.md,Existing
MAC-SOP-234_Personnel_Termination_Procedure.md,Personnel Termination Procedure,3.9.2,compliance/cmmc/level2/02-policies-and-procedures/MAC-SOP-234_Personnel_Termination_Procedure.md,Existing
MAC-SOP-236_Physical_Access_Device_Control_Procedure.md,Physical Access Control Procedure,3.10.1;3.10.2;3.10.4;3.10.5,compliance/cmmc/level2/02-policies-and-procedures/MAC-SOP-236_Physical_Access_Device_Control_Procedure.md,Existing
MAC-SOP-239_System_Monitoring_Procedure.md,Procedures for System Monitoring,3.14.3;3.14.6;3.14.7,compliance/cmmc/level2/02-policies-and-procedures/MAC-SOP-239_System_Monitoring_Procedure.md,Existing
MAC-SOP-240_Session_Connection_Termination_Procedure.md,Procedures for session/connection termination,3.13.9,compliance/cmmc/level2/02-policies-and-procedures/MAC-SOP-240_Session_Connection_Termination_Procedure.md,Existing
MAC-SOP-241_Mobile_Code_Script_Control_Procedure.md,Procedures for mobile code/script control,3.13.13,compliance/cmmc/level2/02-policies-and-procedures/MAC-SOP-241_Mobile_Code_Script_Control_Procedure.md,Existing
MAC-SOP-242_Transmission_Integrity_SMB_Procedure.md,Procedures for transmission integrity (SMB signing/crypto),3.13.15,compliance/cmmc/level2/02-policies-and-procedures/MAC-SOP-242_Transmission_Integrity_SMB_Procedure.md,Existing
MAC-SOP-243_Separation_System_Management_Procedure.md,Gov docs for separation of duties and system management,3.13.3,compliance/cmmc/level2/02-policies-and-procedures/MAC-SOP-243_Separation_System_Management_Procedure.md,Existing
MAC-SOP-244_Information_Transfer_Controls_Procedure.md,Gov docs for information transfer controls,3.13.4,compliance/cmmc/level2/02-policies-and-procedures/MAC-SOP-244_Information_Transfer_Controls_Procedure.md,Existing
MAC-SOP-245_RDP_Collaborative_Device_Restrictions_Procedure.md,Gov docs for RDP/collaborative device use and restrictions,3.13.12,compliance/cmmc/level2/02-policies-and-procedures/MAC-SOP-245_RDP_Collaborative_Device_Restrictions_Procedure.md,Existing
MAC-SOP-246_Media_Sanitization_Procedure.md,Procedures for Media Sanitization,3.8.3;3.8.7,compliance/cmmc/level2/02-policies-and-procedures/MAC-SOP-246_Media_Sanitization_Procedure.md,Existing
MAC-SOP-247_CUI_Media_Handling_and_Transport_Procedure.md,Procedures for CUI Media Handling and Transport,3.8.4;3.8.5;3.8.6,compliance/cmmc/level2/02-policies-and-procedures/MAC-SOP-247_CUI_Media_Handling_and_Transport_Procedure.md,Existing
MAC-SOP-248_CUI_Marking_and_Handling_Procedure.md,CUI Marking and Handling Procedure,3.8.1;3.8.2;3.8.4;3.8.5,compliance/cmmc/level2/02-policies-and-procedures/MAC-SOP-248_CUI_Marking_and_Handling_Procedure.md,Existing
MAC-SOP-249_Visitor_Control_Procedure.md,Visitor Control Procedure,3.10.3,compliance/cmmc/level2/02-policies-and-procedures/MAC-SOP-249_Visitor_Control_Procedure.md,Existing
MAC-SOP-250_Boundary_Protection_and_Network_Segmentation_Procedure.md,Boundary Protection and Network Segmentation Procedure,3.13.1;3.13.5;3.13.6;3.13.7,compliance/cmmc/level2/02-policies-and-procedures/MAC-SOP-250_Boundary_Protection_and_Network_Segmentation_Procedure.md,Existing
MAC-SOP-251_Cryptographic_Key_Management_Procedure.md,Cryptographic Key Management Procedure,3.13.10;3.13.11,compliance/cmmc/level2/02-policies-and-procedures/MAC-SOP-251_Cryptographic_Key_Management_Procedure.md,Existing
MAC-SOP-252_System_Inventory_and_Asset_Management_Procedure.md,System Inventory and Asset Management Procedure,3.4.2,compliance/cmmc/level2/02-policies-and-procedures/MAC-SOP-252_System_Inventory_and_Asset_Management_Procedure.md,Existing
MAC-SOP-253_Access_Enforcement_and_Least_Privilege_Procedure.md,Access Enforcement and Least Privilege Procedure,3.1.5;3.1.6;3.1.7,compliance/cmmc/level2/02-policies-and-procedures/MAC-SOP-253_Access_Enforcement_and_Least_Privilege_Procedure.md,Existing
MAC-SOP-254_Flaw_Remediation_Procedure.md,Procedures for Flaw Remediation,3.14.1,compliance/cmmc/level2/02-policies-and-procedures/MAC-SOP-254_Flaw_Remediation_Procedure.md,Existing
